Feature,Importance
momentum_1m,0.18308570323169746
book_to_market,0.1797994794554642
momentum_6m,0.17687335504253804
quality_score,0.10569162450802164
short_term_reversal,0.05230376805683892
sentiment_score,0.04597048269697342
illiquidity,0.04576298250215623
size_ln_mktcap,0.042624371847134225
asset_growth,0.03991629389874981
leverage_ratio,0.039894135181251386
profitability,0.03138914891307817
beta_12m,0.026119215373554074
volatility_12m,0.021018751850339575
sic2_70,0.004074123982417853
sic2_50,0.0018414716711662245
sic2_60,0.0016880213357339873
sic2_10,0.0014381028406080178
sic2_20,0.000508967612276855
sic2_35,0.0
