Model,Dataset,Avg_Return,Volatility,Monthly_Return_Volatility_Ratio,N_Months
OLS,Train,0.05234505809630051,0.03128203994697075,1.6733262339999484,20
OLS,Test,0.011614419786353046,0.031220819422217203,0.37200880698499705,8
Ridge,Train,0.05234505809630051,0.03128203994697075,1.6733262339999484,20
Ridge,Test,0.011614419786353046,0.031220819422217203,0.37200880698499705,8
Lasso,Train,0.054072940720452635,0.03257278697336112,1.660064911383693,20
Lasso,Test,0.012193654270112226,0.0291660763573802,0.41807660792970314,8
RandomForest,Train,0.07161914622201332,0.03243361218900605,2.2081766842575097,20
RandomForest,Test,0.011939924560810437,0.030237145382061882,0.3948760509612713,8
GradientBoosting,Train,0.061790768303420306,0.029775553494345512,2.075218125337438,20
GradientBoosting,Test,0.00658330599612281,0.028896193992245106,0.22782605895743838,8
