Model,Dataset,R2,MSE,RMSE,MAE
OLS,Train,0.16603700394964194,0.004311880607660327,0.0656649115407942,0.052425586053414464
OLS,Validation,0.06729924971425327,0.004560836604649852,0.06753396630325996,0.05367664291220673
OLS,Test,0.15971950385010814,0.004254471380275014,0.0652263089579275,0.0531691605688593
Ridge,Train,0.16603693494866,0.004311880964419557,0.06566491425730758,0.052425654435474305
Ridge,Validation,0.06723191733670475,0.004561165854918073,0.06753640392349945,0.053677268692925884
Ridge,Test,0.15966983071587038,0.004254722883111212,0.06522823685422757,0.05317161858028705
Lasso,Train,0.1633014808445864,0.004326024219648338,0.06577251872665618,0.05246844480608272
Lasso,Validation,0.06472542367065304,0.004573422420657888,0.06762708348478358,0.053649458738967586
Lasso,Test,0.1497642133672703,0.004304876570727039,0.06561155820986908,0.05354002298754799
RandomForest,Train,0.36626925686138867,0.0032766097713675326,0.057241678621154465,0.04594781690200658
RandomForest,Validation,0.0011500864093682006,0.004884301044102111,0.06988777463979026,0.05596040377209692
RandomForest,Test,0.03372963715574162,0.004892377751435424,0.06994553417792607,0.05725332369368943
GradientBoosting,Train,0.2467614673972559,0.0038945068750702383,0.06240598428893048,0.049846476253078545
GradientBoosting,Validation,-0.05640577601381991,0.005165744887769488,0.07187311658589383,0.0574768629337769
GradientBoosting,Test,0.01947910827166055,0.004964530404708826,0.0704594238176046,0.05763794018787853
